hex,home_lng,home_lat,count
8a28308148effff,-122.28443,37.78696,65
8a2830972b2ffff,-122.47615,37.64911,26
8a283092e907fff,-122.39017,37.57756,41
